Date,Retail and recreation,Grocery and pharmacy,Parks,Transit stations,Workplaces,Residential 
2020-02-21,102,97.4,100.4,94.9,88.9,102.3
2020-02-22,103.1,98.1,104.4,96.3,89.1,102.1
2020-02-23,104,98.7,107.7,97.7,89.4,102
2020-02-24,102.1,98.4,103,97.7,91.1,101.9
2020-02-25,101,99.1,100.6,98.3,93.3,101.6
2020-02-26,100.3,99.4,100.3,98.7,95.4,101.1
2020-02-27,99.9,99.9,100.9,99.4,97.4,100.7
2020-02-28,99.3,100.1,97.6,99.9,99.4,100.4
2020-02-29,100,100.6,96.6,99.9,99.7,100.3
2020-03-01,101.1,101.1,99.3,100.1,100,100.1
2020-03-02,102.1,101.9,102.6,100.4,100.4,100
2020-03-03,102.6,101.7,103.7,100.1,100.4,100
2020-03-04,102.7,102.1,103.1,100,100.4,100.1
2020-03-05,102.3,102.3,102.1,99.6,100.4,100.3
2020-03-06,102.9,103,107.1,99.7,100.7,100.1
2020-03-07,102.7,103.1,110.1,99.9,100.9,100.1
2020-03-08,102.3,103.1,110.3,99.4,100.9,100.1
2020-03-09,101.7,103.1,108.9,99,100.7,100.3
2020-03-10,101.1,103.4,107.9,98.6,100.6,100.4
2020-03-11,100.9,103.7,109,98,100.4,100.4
2020-03-12,100.9,105,109.6,97.3,100.3,100.6
2020-03-13,99.9,105.7,108.1,95.9,99.6,100.9
2020-03-14,98.4,106.4,107.3,93.9,99.1,101.1
2020-03-15,96.3,107.1,105,91.3,98.4,101.6
2020-03-16,95.9,109.4,108.6,89.4,97.1,102
2020-03-17,94,111.7,108.9,86.1,94.9,102.9
2020-03-18,91,114.1,107,82.1,91.6,104.1
2020-03-19,88.1,116,106.6,78,87.9,105.4
2020-03-20,84.4,115.9,105.7,73.6,84.3,107
2020-03-21,78.7,115,105.9,69.1,81,108.3
2020-03-22,72.3,112,108.9,64.9,77.3,109.3
2020-03-23,66.3,108,104.9,59.6,72.1,111.1
2020-03-24,58.3,101.6,102,54.3,66.1,113.6
2020-03-25,50.9,94.7,100.7,49.4,60.3,115.9
2020-03-26,43.3,87.3,98.9,44.7,54.7,118.1
2020-03-27,36.4,81.7,94.3,40.3,49.4,120.3
2020-03-28,31.7,76,86.3,36.3,44.9,121.6
2020-03-29,27.6,71.4,76,32.1,41.3,122.4
2020-03-30,23.4,68,71.1,29.3,37.9,123.9
2020-03-31,23,67.1,70.1,28.1,36.1,124.3
2020-04-01,22.7,66.3,67.7,27.4,35.4,124.6
2020-04-02,22.6,65.7,65.9,27,34.9,124.9
2020-04-03,22.6,65.6,66,26.9,34.4,125
2020-04-04,22.9,66,68.3,27.1,34.4,124.9
2020-04-05,23.3,66.7,71.6,27.9,34.6,124.9
2020-04-06,23.4,66.9,73.4,28,34.4,124.9
2020-04-07,23.6,67,75.4,28.4,34.4,124.9
2020-04-08,23.9,67.7,77.6,28.9,34.3,124.7
2020-04-09,24.4,69.4,79.1,29.3,34.3,124.4
2020-04-10,24.1,69,80.1,28.9,32.7,124.9
2020-04-11,24.1,69.6,80.3,29.1,32.7,124.9
2020-04-12,23.1,66.4,79.7,29,32.1,125
2020-04-13,22.4,65,79.6,28.1,30.3,125.6
2020-04-14,22.7,65.4,79.1,28.1,30.3,125.6
2020-04-15,22.9,65.4,80.3,28.3,30.4,125.6
2020-04-16,22.6,64.4,81.1,28.3,30.6,125.7
2020-04-17,23,64.9,79,28.9,32.3,125.3
2020-04-18,23,64.1,77.6,28.7,32.7,125.3
2020-04-19,24.3,67.4,80.6,29.4,34,125
2020-04-20,25.3,69,83.3,30.9,36.3,124.1
2020-04-21,25.1,68.7,85,31.1,36.7,124
2020-04-22,25.1,68.6,86,31.4,37.1,124
2020-04-23,25.3,68.6,87.9,31.9,37.6,123.9
2020-04-24,25.6,69.1,92,32.6,38,123.6
2020-04-25,26,69.9,95.4,33.4,38.4,123.4
2020-04-26,26.3,70.3,95.7,33.7,38.6,123.4
2020-04-27,26.6,70.4,95.6,34,38.9,123.4
2020-04-28,26.3,69.7,89.3,33.4,39,123.3
2020-04-29,26.1,69.4,84.7,33.1,39,123.3
2020-04-30,25.9,69.3,79.4,32.9,39,123.3
2020-05-01,25.7,69.1,76.9,32.7,39.1,123.3
2020-05-02,25.7,69.4,77.6,33,39.4,123.1
2020-05-03,25.6,69.4,76,33,39.7,123.1
2020-05-04,25.6,69.7,77,33.3,39.9,123
2020-05-05,26.1,70.9,83.6,34.3,40.1,123
2020-05-06,26.7,72,90.3,35.3,40.6,122.7
2020-05-07,27.7,73.9,97,36.3,41,122.4
2020-05-08,27.6,73.7,102.1,36.1,39.1,122.9
2020-05-09,27.6,73.9,103.9,36.3,39.3,122.9
2020-05-10,27.4,73.9,101.4,35.7,39.4,122.9
2020-05-11,27.7,74.1,99.7,35.7,39.7,122.9
2020-05-12,28,74.4,100.1,36,40,122.7
2020-05-13,28.1,74.3,98.7,36,40.3,122.7
2020-05-14,28.1,73.4,100.4,36.1,40.6,122.4
2020-05-15,29,74.4,101.4,37.3,43,121.6
2020-05-16,29.6,75,103,37.9,43.7,121.3
2020-05-17,30.4,76.1,112.3,39.7,44.6,121
2020-05-18,31,76.9,118.6,40.4,45,120.7
2020-05-19,31.6,77.6,124.9,41.1,45.4,120.4
2020-05-20,32.1,78.6,133.7,42,45.7,120
2020-05-21,32.6,79.3,137,42.4,46,120
2020-05-22,33,79.7,136,42.6,46.3,120
2020-05-23,33.3,80,133.6,42.4,46.6,120
2020-05-24,33.7,80.6,135.1,42.9,47,119.9
2020-05-25,33.6,80.1,149.4,42.7,44.4,120.1
2020-05-26,34.1,80.7,151.6,43,44.4,120
2020-05-27,34.6,80.9,151.1,43.1,44.6,120
2020-05-28,35.1,81.4,154.9,43.6,44.7,119.9
2020-05-29,35.7,82.3,162.4,44.4,45,119.6
2020-05-30,36.1,83.3,171,45.9,46.4,119.1
2020-05-31,36.7,84.1,175.1,46.9,47.9,118.9
2020-06-01,37.9,85.6,166.3,48.1,51.3,118.1
2020-06-02,38,85.4,168,48.7,52,117.9
2020-06-03,37.9,84.9,158.7,48.4,52.6,117.9
2020-06-04,37.7,84.1,150.4,48.3,53.1,117.9
2020-06-05,37.6,83.4,142.1,47.9,53.6,117.9
2020-06-06,37.4,82.6,132.9,46.7,53.3,118.1
2020-06-07,37.4,82,126.4,45.9,53,118.3
2020-06-08,37.4,81.4,122.1,45.4,53.1,118.3
2020-06-09,37.6,81.1,119,45.1,53.4,118.4
2020-06-10,37.7,81.1,118.9,45,53.7,118.3
2020-06-11,38,81.1,118.3,44.7,54,118.1
2020-06-12,38.3,81.1,117.9,44.6,54.3,118
2020-06-13,39,81.9,126.1,45.7,55.6,117.6
2020-06-14,39.6,82.3,132.3,46.4,56.9,117.3
2020-06-15,41,82.7,135,47,57.1,117.1
2020-06-16,42.1,83.3,134.6,47.3,57.4,117
2020-06-17,43.4,84,139.6,48.1,57.7,116.7
2020-06-18,44.1,84.3,138.6,48.4,57.7,116.6
2020-06-19,45.3,85.1,140.6,49.1,57.9,116.3
2020-06-20,46.4,86.1,141.7,50,58.4,116
2020-06-21,47.1,86.6,137.7,50.3,59.1,115.9
2020-06-22,47.3,86.7,139,50.4,59,115.7
2020-06-23,47.6,87.1,144.3,50.9,58.9,115.4
2020-06-24,48,88,153.4,51.6,59,115.1
2020-06-25,48.7,89.3,166.9,52.9,59.4,114.7
2020-06-26,49,89.6,171.1,53.4,59.6,114.6
2020-06-27,48.7,88.9,163.1,52.6,59,114.9
2020-06-28,49,88.6,161,52.3,58.6,115
2020-06-29,49,88.4,153.9,52.1,58.9,115
2020-06-30,49.4,88.1,145.9,51.9,59.3,115
2020-07-01,49.7,87.4,136.7,51.6,59.4,115
2020-07-02,50,86.7,127.7,51.3,59.6,115
2020-07-03,50.3,86.3,123.4,51.1,59.9,115
2020-07-04,51.4,86.3,126.3,52.3,60.7,114.6
2020-07-05,52.6,86.4,130.7,53.6,61.1,114.3
2020-07-06,53.9,86.9,138.4,54.6,61.3,113.9
2020-07-07,54.6,86.9,141,55.3,61.3,113.7
2020-07-08,55.3,86.7,140.3,55.6,61.4,113.6
2020-07-09,56,86.6,140.1,56,61.6,113.4
2020-07-10,57.1,86.9,146.9,57.3,61.7,112.9
2020-07-11,57.7,87.3,154.9,58.6,62.3,112.6
2020-07-12,58.4,87.7,162,60,62.9,112.1
2020-07-13,58.6,87.7,161.3,60.1,62.9,112.1
2020-07-14,59.1,87.9,164.3,60.4,62.9,112
2020-07-15,60.4,88,167.6,60.4,63,111.9
2020-07-16,62,88.3,174.3,60.6,63.3,111.6
2020-07-17,63.1,88.3,178,60.4,63.6,111.4
2020-07-18,64.1,88.1,176.9,60,63.6,111.3
2020-07-19,65.3,88,173.3,59.3,63.6,111.3
2020-07-20,66.7,88.3,179.4,59.3,63.6,111.1
2020-07-21,67.9,88.4,185.6,59.3,63.6,110.9
2020-07-22,68.4,88.7,190.9,59.7,63.6,110.7
2020-07-23,68.6,88.9,190.3,59.7,63.3,110.7
2020-07-24,68.7,88.6,190.6,59.9,63,110.7
2020-07-25,68.7,88.1,185.4,59.6,62.9,110.9
2020-07-26,69,88,185.4,59.9,63,110.9
2020-07-27,68.4,87.3,174.9,59.3,62.6,111
2020-07-28,68.7,87.3,172.6,59.4,62.6,111.1
2020-07-29,69.3,87.4,175.1,59.9,62.3,111
2020-07-30,70.3,87.7,180.7,60.4,62.1,110.9
2020-07-31,70.7,87.9,184.3,60.9,61.9,110.6
2020-08-01,71.3,88.1,191,61.9,62,110.3
2020-08-02,72,88.4,193.1,62.3,62,110.1
2020-08-03,74,88.9,203.9,63.3,62.3,109.7
2020-08-04,75,88.4,202.3,63.3,62.1,109.6
2020-08-05,76.3,88,199.3,63,62.1,109.6
2020-08-06,76.3,87.6,199.3,62.9,62.1,109.4
2020-08-07,76.4,87.4,198.4,62.6,62.1,109.4
2020-08-08,76.6,87.4,201.3,62.4,62.3,109.3
2020-08-09,76.6,87.4,202.7,62.4,62.4,109.1
2020-08-10,77.1,87.4,203.1,62.3,62.6,109.1
2020-08-11,78,87.7,207.3,62.4,62.7,109
2020-08-12,78.3,88,209.3,62.6,62.9,108.9
2020-08-13,78.1,88,204.9,62.4,62.9,109
2020-08-14,78.4,88,199.4,62.4,63.1,109.1
2020-08-15,78.7,87.9,193.4,62.1,63.1,109.3
2020-08-16,78.6,87.4,186.1,61.4,62.9,109.6
2020-08-17,78.9,87,180.7,61.3,62.9,109.6
2020-08-18,79.1,86.7,177.1,61.3,63.1,109.6
2020-08-19,79,85.9,168.4,61,63.3,109.7
2020-08-20,79.7,85.9,173,61.4,63.6,109.4
2020-08-21,79.7,85.7,170.1,61.3,63.7,109.4
2020-08-22,80,85.7,170.6,61.4,64,109.4
2020-08-23,80.4,85.9,172.3,61.9,64.4,109.3
2020-08-24,81.3,86.1,175.9,62.3,64.7,109.1
2020-08-25,81,85.7,167,61.7,64.6,109.3
2020-08-26,82.7,86.6,174.3,62.6,64.9,109
2020-08-27,82.4,86.3,164.9,62.3,65,109.1
2020-08-28,83.3,86.9,164.1,62.7,65,109
2020-08-29,83.9,87.1,163.6,63.1,64.9,108.9
2020-08-30,85.4,87.6,167.9,64,64.9,108.7
2020-08-31,86.3,86.9,174.6,63.3,61.7,109.3
2020-09-01,86,88.3,183.6,64.4,62.1,108.9
2020-09-02,83.6,88.3,177.6,64,62.4,108.9
2020-09-03,83.7,88.6,178,64.3,62.9,108.7
2020-09-04,83.6,88.4,179.4,64.6,63.6,108.4
2020-09-05,83.7,88.6,180.4,64.4,63.9,108.4
2020-09-06,82.9,88.9,176.9,63.9,63.9,108.6
2020-09-07,80,89.9,163.4,64.9,67.4,107.9
2020-09-08,79.4,89.3,160.6,65.1,67.7,107.7
2020-09-09,79.4,89.3,163.3,65.9,68.1,107.4
2020-09-10,79.4,89.4,166.1,66.4,68.4,107.1
2020-09-11,79.3,89.6,166.3,66.9,68.7,107
2020-09-12,79.1,89.7,167,67.1,68.9,107
2020-09-13,79.1,89.7,170.6,67.6,68.9,106.9
2020-09-14,79.1,89.9,177.1,68.1,69.9,106.7
2020-09-15,79.1,90,179.6,68.3,70.7,106.7
2020-09-16,79,90,180.1,68.4,71.1,106.7
2020-09-17,79,90,181.6,68.6,71.7,106.7
2020-09-18,79,90,183.4,68.6,72.1,106.7
2020-09-19,79,90,184.3,68.4,72,106.7
2020-09-20,78.9,90,183,68.1,72,106.9
2020-09-21,78.9,90.1,180.4,67.9,71.9,106.9
2020-09-22,78.4,90.1,176.6,67.6,71.9,106.9
2020-09-23,77.6,90.1,169.3,66.9,72,107.1
2020-09-24,76.7,90.1,160.7,66,72.1,107.4
2020-09-25,76.3,90.4,154.1,65.3,72.3,107.7
2020-09-26,76.1,90.6,148.6,64.6,72.4,108
2020-09-27,75.7,90.4,142.9,63.7,72.4,108.1
2020-09-28,75.4,90.4,137,63.1,72.7,108.4
2020-09-29,75.4,90.6,134.6,62.9,73,108.6
2020-09-30,75.6,90.6,132.3,62.9,73.1,108.6
2020-10-01,76,91,133.4,63.1,73.6,108.4
2020-10-02,75.3,90.6,129.9,63.1,73.9,108.6
2020-10-03,74.4,90.3,123,62.3,73.4,108.9
2020-10-04,73.6,90,116,61.4,73.1,109.1
2020-10-05,72.9,89.7,112.9,61.6,73.3,109.1
2020-10-06,72.3,89.6,109,61.6,73.3,109.1
2020-10-07,72.6,89.9,112.9,61.9,73.6,109
2020-10-08,72,89.4,110.7,61.6,73.4,109.1
2020-10-09,72.3,89.7,112.9,61.6,73.6,109
2020-10-10,72.7,90,117.7,62,74.1,108.9
2020-10-11,73.3,90.3,125.3,62.7,74.6,108.7
2020-10-12,72.9,90,123.3,62.3,74.4,108.9
2020-10-13,72.4,89.7,122.4,61.9,74.3,109
2020-10-14,72,89.7,121.3,61.6,74.1,109.1
2020-10-15,72,90,122.4,61.7,74.1,109.1
2020-10-16,72.1,90.3,123.3,61.7,74,109.3
2020-10-17,71.9,90.4,123.9,61.3,73.7,109.4
2020-10-18,71.4,90.4,122,60.6,73.3,109.6
2020-10-19,71.6,90.7,124.6,60.4,73.3,109.6
2020-10-20,71.7,91,126.6,60.4,73.3,109.7
2020-10-21,71.1,90.7,123,59.9,73,110
2020-10-22,71.3,90.9,123.7,59.6,72.9,110.1
2020-10-23,71.1,90.9,122.9,59,72.4,110.3
2020-10-24,70.4,90.4,118.9,58.4,72,110.4
2020-10-25,70.6,90.9,118.3,58.3,71.9,110.4
2020-10-26,71.3,91,120.4,57.9,70.4,110.7
2020-10-27,71.4,90.9,117.9,57,69,111
2020-10-28,72.6,91.3,122,56.9,67.9,111.1
2020-10-29,72.4,90.9,117.7,56,66.4,111.6
2020-10-30,72.7,91,118.6,55.7,65.4,111.7
2020-10-31,72.7,91.4,117.9,55.7,65.4,111.7
2020-11-01,72.7,91,112.7,55.6,65.4,111.7
2020-11-02,73.3,91.3,107.9,56.1,67,111.4
2020-11-03,74.7,91.9,107.3,57.3,68.7,111
2020-11-04,76.4,92.4,106.1,58.6,70.4,110.4
2020-11-05,72.6,91.7,106.7,58,71.3,110.6
2020-11-06,68.4,90.7,103.9,56.7,71.9,111.1
2020-11-07,65.3,89.7,107.9,54.7,69.7,111.9
2020-11-08,60.9,88.7,109.1,52.3,67.1,112.6
2020-11-09,56.6,87.6,108.7,50.9,66.4,113.1
2020-11-10,52.1,86.6,109.9,49.4,65.6,113.7
2020-11-11,46.7,85.1,107,47.3,64.6,114.6
2020-11-12,47.6,85.7,108.6,47.6,64.4,114.6
2020-11-13,48.4,86.3,108.9,47.9,64.4,114.4
2020-11-14,48.6,86.3,102.9,47.7,64.4,114.4
2020-11-15,49,86.4,101.4,47.7,64.4,114.4
2020-11-16,49.1,86.6,101,47.7,64.4,114.4
2020-11-17,49.1,86.7,99.9,47.6,64.4,114.4
2020-11-18,49.1,86.9,99,47.6,64.4,114.4
2020-11-19,49.1,86.9,97.1,47.4,64.4,114.4
2020-11-20,49,86.9,93.7,47.3,64.4,114.6
2020-11-21,49.4,87.4,96.7,47.7,64.7,114.4
2020-11-22,50,88,101,48.3,65,114.3
2020-11-23,50.3,88.3,101.3,48.3,65,114.3
2020-11-24,50.4,88.6,100.9,48.3,65.1,114.3
2020-11-25,50.7,88.7,101.1,48.3,65.3,114.3
2020-11-26,51,88.9,101.7,48.3,65.6,114.1
2020-11-27,51.4,89,103.9,48.4,65.6,114
2020-11-28,51.6,89,103.4,48.6,65.9,114
2020-11-29,51.6,89,100.6,48.4,66.1,114
2020-11-30,52,89.4,98.7,48.6,66.4,113.9
2020-12-01,52.6,89.9,99.3,48.9,66.7,113.7
2020-12-02,54.9,90.7,99,49.7,67.4,113.3
2020-12-03,56.6,90.9,94.7,50.4,68,113.1
2020-12-04,58.3,91.1,92.4,51.3,68.7,112.9
2020-12-05,61,92,92.9,53.3,70.3,112.3
2020-12-06,63.4,92.7,92.3,55.1,71.9,112
2020-12-07,65.6,93.3,93,56,72.3,111.7
2020-12-08,67.3,93.6,91,56.6,72.7,111.4
2020-12-09,67.3,93.7,91.3,56.7,72.7,111.4
2020-12-10,67.6,94.4,94,57,72.7,111.3
2020-12-11,67.9,94.9,95.9,57.4,72.9,111.1
2020-12-12,67.7,95,96.3,57.7,73,111.1
2020-12-13,67,94.6,91.7,57.1,72.9,111.3
2020-12-14,67.1,95,92.6,57.3,72.7,111.3
2020-12-15,68,95.7,95,57.7,72.6,111.3
2020-12-16,67.7,96,93.7,57.4,72.3,111.4
2020-12-17,68.1,96.7,95.6,57.4,72,111.4
2020-12-18,68.1,96.9,94.3,56.9,71.3,111.7
2020-12-19,67.7,97.1,93.6,56.6,71.1,111.7
2020-12-20,67.4,98,98.7,56.6,71.3,111.6
2020-12-21,67.3,100,97.3,55.1,69.3,112.1
2020-12-22,67.1,102.4,97.9,53.6,67,112.7
2020-12-23,68,106.1,98.1,52.4,64.3,113.3
2020-12-24,67.1,107.9,99.1,50.3,60,114.4
2020-12-25,58.7,95.3,97.6,44.6,53.1,116.1
2020-12-26,52.9,86.7,94.1,39.6,47.3,117.1
2020-12-27,50.7,84.3,93.9,37.6,45,117.6
2020-12-28,47.1,79.1,97.3,35,41,119
2020-12-29,44.1,75.1,97.3,33.3,38.4,120.1
2020-12-30,42,71.4,101.6,32,36.6,120.9
2020-12-31,39.4,69.7,100.9,30.9,36,121.3
2021-01-01,40.7,73.3,103.7,31.3,36.3,122
2021-01-02,42.6,78.9,106.9,32.7,38.4,122.1
2021-01-03,41.7,78.9,105.3,32.3,38.4,122.3
2021-01-04,41.4,79.9,100.7,33.4,42.4,121.3
2021-01-05,39.4,78.4,96.1,33.6,45,120.7
2021-01-06,36.6,75.7,91.7,33.6,47.4,120.4
2021-01-07,35.3,72.3,88.4,34,50.1,120
2021-01-08,38,78.1,86.1,36.6,55,118.6
2021-01-09,38,78.4,85.9,36.7,55.9,118.4
2021-01-10,37.4,78,85.1,36.3,55.6,118.6
2021-01-11,36.6,76.9,85.1,36.1,55.4,118.7
2021-01-12,36.6,76.4,86.7,36.1,55.3,118.7
2021-01-13,36.3,75.7,84.3,35.9,55.1,118.7
2021-01-14,35.7,74.7,81.6,35.6,54.7,118.9
2021-01-15,35.7,74.7,82.4,35.6,54.4,118.7
2021-01-16,35.4,74.1,80,35.3,54.1,118.7
2021-01-17,35.6,74.1,83,35.6,54.1,118.6
2021-01-18,35.4,74.1,83.9,35.6,54,118.4
2021-01-19,35.1,73.7,81.6,35.4,53.9,118.4
2021-01-20,35,73.6,80.9,35.3,53.7,118.4
2021-01-21,35.6,74.4,84,35.6,54,118.1
2021-01-22,35.9,74.9,85.7,35.7,54.3,118.1
2021-01-23,36.3,75.4,88.4,36.1,54.6,118
2021-01-24,35.7,74.9,86.7,35.7,54.1,118.1
2021-01-25,35.9,75.1,88,35.9,54,118.1
2021-01-26,36,75.4,87.4,35.9,54.1,118.1
2021-01-27,36.7,76.4,90.6,36.3,54.3,118
2021-01-28,36.9,76.7,89.7,36.4,54.4,118
2021-01-29,37.1,77.3,88.6,36.7,54.4,117.9
2021-01-30,37.1,77.3,85,36.3,54.4,118
2021-01-31,38,78.3,85.1,36.7,55,117.9
2021-02-01,38.4,78.6,85.3,37,55.4,117.7
2021-02-02,38.6,78.7,87.3,37.3,55.4,117.7
2021-02-03,38.6,78.7,87.3,37.3,55.6,117.7
2021-02-04,38.7,78.9,87.3,37.1,55.7,117.7
2021-02-05,38.9,79.1,88.7,37.1,55.9,117.7
2021-02-06,39.1,79.6,91,37.6,56.1,117.6
2021-02-07,38.7,79.1,88.1,37,55.9,117.6
2021-02-08,38.1,78.7,86.3,36.6,55.4,117.7
2021-02-09,38.1,79.1,86.4,36.4,55.3,117.7
2021-02-10,38.3,79.7,87.1,36.6,55.1,117.7
2021-02-11,38.6,80.4,87.7,36.7,55.1,117.7
2021-02-12,38.7,81,85.9,36.6,55.1,117.7
2021-02-13,39,82.1,84.9,36.4,55.1,117.7
2021-02-14,39.4,83,84.1,36.7,55.4,117.7
2021-02-15,40.6,84.1,88.6,37.1,55.3,117.6
2021-02-16,41.4,85.3,91,37.4,55.3,117.4
2021-02-17,42,85.4,92.3,37.6,55.1,117.4
2021-02-18,42.4,85.7,95.3,37.9,54.7,117.4
2021-02-19,42.6,85.4,96.3,38,54.3,117.4
2021-02-20,42.7,85,99.7,38.6,54.7,117.3
2021-02-21,43.4,85.4,107.6,39.7,55.3,117.1
2021-02-22,43.4,85.4,106.9,39.9,56.1,117
2021-02-23,43.4,85.1,107.1,40.1,56.9,116.9
2021-02-24,43.6,85.6,107.9,40.4,57.6,116.7
2021-02-25,43.9,86,109.1,40.7,58.4,116.4
2021-02-26,44.7,87,115.6,41.4,59.3,116.1
2021-02-27,45.6,87.7,121.6,42.1,59.7,115.9
2021-02-28,46.3,88.6,124.6,42.4,60.1,115.7
2021-03-01,46.7,89.1,125.6,42.7,60.3,115.7
2021-03-02,47.1,89.6,126.9,42.9,60.4,115.6
2021-03-03,47.1,89.6,125,42.9,60.4,115.4
2021-03-04,47,89.6,121.7,42.9,60.4,115.4
2021-03-05,46.7,89.4,117.4,42.7,60.6,115.4
2021-03-06,46.6,89.4,113.4,42.4,60.7,115.6
2021-03-07,46.4,89.4,110.9,42.3,60.9,115.6
2021-03-08,46.7,90,110.3,42.7,61.1,115.3
2021-03-09,47.1,90.6,112.4,43.6,61.6,115
2021-03-10,47,90.7,109.7,43.9,62.1,114.9
2021-03-11,47.1,91.3,109.3,44.4,62.7,114.7
2021-03-12,47.3,92,108,45,63.3,114.4
2021-03-13,47.4,93.6,105,45,63.4,114.4
2021-03-14,47.1,93.9,101.3,45.3,64.6,114.3
2021-03-15,47.1,93.7,102.3,45.7,65,114.1
2021-03-16,47.1,93.7,101.1,45.9,65.3,114.1
2021-03-17,48,94.4,108.6,46.7,65.6,113.9
2021-03-18,48.3,94.6,111.7,47.1,65.9,113.7
2021-03-19,48.4,94.4,115.4,47.6,66,113.7
2021-03-20,48.3,93.1,119.3,48,66.1,113.6
2021-03-21,48.7,93,124.7,48.1,65.4,113.6
2021-03-22,49,93.4,127.4,48.4,65.6,113.6
2021-03-23,49.1,93.7,128.1,48.6,65.7,113.4
2021-03-24,49.3,94,128.4,48.6,65.9,113.4
2021-03-25,49.6,94.3,129.6,48.7,65.9,113.3
2021-03-26,49.6,94.4,125.9,48.6,65.9,113.3
2021-03-27,49.9,94.7,126.3,48.7,66,113.3
2021-03-28,49.4,94.3,120.1,48.1,65.6,113.4
2021-03-29,50,94.9,124.3,48.3,65.3,113.3
2021-03-30,50.9,95.9,136,48.9,65,113.1
2021-03-31,51.7,97.1,141.9,49.4,64.7,113
2021-04-01,53.1,99.7,145.7,50,64.4,112.7
2021-04-02,53.4,99.9,156.9,49,60.3,113.4
2021-04-03,53.4,100.9,159.1,49.3,59.4,113.1
2021-04-04,51.9,97.1,169.6,50.4,59.3,112.7
2021-04-05,51,95.6,168.7,48,54.6,114.1
2021-04-06,50.6,95,157.9,47,53.4,114.6
2021-04-07,50,93.7,153,46.1,52.4,114.9
2021-04-08,49,91.1,152,45.3,51.7,115.3
2021-04-09,49.1,90.7,147.3,46.3,54.9,114.6
2021-04-10,48.9,89.4,143.9,46.1,55.7,114.7
2021-04-11,51.3,93.9,140,46.3,56.6,114.9
2021-04-12,55.3,95.7,139.1,49.9,61.3,113.1
2021-04-13,58,96.3,143.3,51.4,62.3,112.6
2021-04-14,60.9,97.1,147.3,53,63.1,112
2021-04-15,63.6,98,150.4,54.6,64,111.4
2021-04-16,66.1,98.9,153.9,56.3,64.9,110.7
2021-04-17,69,99.7,161.4,59,65.6,110
2021-04-18,71.7,100.7,165,61.1,66.1,109.6
2021-04-19,70.9,101,166.9,61.4,67.3,109.4
2021-04-20,70.4,101.1,166.4,62,68.6,109.1
2021-04-21,70,101.1,163.9,62.1,69.9,109
2021-04-22,69.9,101.1,164.3,62.4,71.1,108.7
2021-04-23,70,101.4,164.4,62.7,72.4,108.4
2021-04-24,70.4,101.9,164.7,62.6,72.7,108.4
2021-04-25,70.7,101.9,164.4,62,72.9,108.4
2021-04-26,70.9,101.7,162,61.9,73,108.4
2021-04-27,70.7,101.4,159.3,61.6,73.1,108.6
2021-04-28,70.6,101.4,155.9,61.4,73.1,108.6
2021-04-29,70.6,101.6,151.6,61.4,73.1,108.7
2021-04-30,71,102,148.3,61.6,73.1,108.7
2021-05-01,71.4,102.1,145.1,61.6,73,108.7
2021-05-02,72.1,102.1,145.6,62,72.7,108.6
2021-05-03,71.4,100.4,142,59.3,67,110.1
2021-05-04,71.3,100.9,138.9,59.1,66.9,110.1
2021-05-05,71.4,101,140.1,59.4,67,110.1
2021-05-06,71.6,101.3,140.7,59.6,67,110
2021-05-07,71.3,100.7,141.6,59.4,67.3,110
2021-05-08,69.7,99.9,132.7,57.9,67.1,110.6
2021-05-09,69.1,99.7,130.7,57.6,67.6,110.7
2021-05-10,69.6,101.4,132.3,60.3,73.4,109.1
2021-05-11,70.1,101.3,136.1,60.6,73.9,109
2021-05-12,70.7,101.7,137.9,60.7,74,108.9
2021-05-13,70.4,101.3,136,60.4,74,109
2021-05-14,70.6,101.6,135,60.4,73.9,109.1
2021-05-15,71.7,102.3,139.9,61.6,74,108.7
2021-05-16,71.4,102.4,136,61.1,74.1,108.9
2021-05-17,72.7,102.4,135.9,61.7,74.4,108.7
2021-05-18,73.7,102.6,136.3,62.1,74.6,108.6
2021-05-19,74.7,102.4,137.6,62.6,74.9,108.4
2021-05-20,75.4,102.4,135.9,62.6,75.1,108.3
2021-05-21,75.7,102.1,131.1,62.7,75.3,108.1
2021-05-22,77.1,102.3,133.9,63.7,76.1,107.7
2021-05-23,78.3,102,132.6,64.4,76.3,107.4
2021-05-24,78,102.3,132.3,64,76.1,107.4
2021-05-25,78,102.6,131.3,63.7,76.1,107.4
2021-05-26,78.1,102.9,131.1,63.6,76.1,107.4
2021-05-27,79.9,103.7,140.4,64.4,76.3,107.1
2021-05-28,81.9,104.9,148.4,65.4,76.1,106.7
2021-05-29,82.7,105.3,154.6,66.7,76,106.4
2021-05-30,85.4,106.9,170.1,69,76.3,105.9
2021-05-31,88,106.7,193.7,68.4,70.6,106.3
2021-06-01,90.1,108.1,207.9,69,68.7,106.1
2021-06-02,91.7,108.9,216.9,69.1,66.9,106.3
2021-06-03,92.6,109.1,221.6,68.9,65.1,106.4
2021-06-04,92.3,108.6,223.3,68,63.9,106.9
2021-06-05,92,108.6,223.7,67.6,64.3,106.9
2021-06-06,90.6,108,216.1,66.4,64.9,107.1
2021-06-07,89.3,109.1,199.7,67.4,70.6,106.6
2021-06-08,88.4,108.6,193,67.3,72.6,106.6
2021-06-09,87.7,108.4,188.1,67.4,74.4,106.3
2021-06-10,86.9,108.4,182.6,67.7,76.3,106.1
2021-06-11,86.6,108.7,181.4,68.1,78,105.9
2021-06-12,86.4,108.9,181,68,78.3,105.9
2021-06-13,85.9,109,183.1,68.3,78.3,105.7
2021-06-14,85.6,108.9,182.1,68.3,78.4,105.7
2021-06-15,85.4,108.9,181.3,68.3,78.4,105.7
2021-06-16,85.3,108.9,181,68.3,78.4,105.7
2021-06-17,84.9,108.6,178.3,68,78.3,105.9
2021-06-18,84.3,108,172.9,67.7,78,106
2021-06-19,84.3,107.9,168,67.1,77.9,106.1
2021-06-20,85,107.4,161.3,66.3,78,106.3
2021-06-21,84.4,106.6,156.1,65.9,77.9,106.4
2021-06-22,84.1,105.9,153.6,65.7,77.7,106.4
2021-06-23,84,105.3,153,65.6,77.7,106.6
2021-06-24,84.3,105,154.3,65.7,77.6,106.6
2021-06-25,85,105.3,157.1,66,77.6,106.4
2021-06-26,85.3,104.7,159.7,66.6,77.6,106.4
2021-06-27,85,104.4,160.7,66.9,77.3,106.4
2021-06-28,85.6,104.9,163.3,67.1,77.1,106.3
2021-06-29,85.3,104.3,161.4,66.9,76.7,106.3
2021-06-30,85.4,104.3,160.6,66.7,76.4,106.1
2021-07-01,85.7,104.6,163.6,66.9,76.3,106
2021-07-02,85.7,104.6,167.1,67,76.1,106
2021-07-03,85.3,104.6,163.1,66.6,76,106.1
2021-07-04,85.1,104.4,161.4,66.6,75.9,106.3
2021-07-05,85.3,104.4,162.1,66.6,75.9,106.4
2021-07-06,85.3,104.9,160.9,66.6,76,106.7
2021-07-07,85.3,105,159.6,66.7,75.9,106.9
2021-07-08,85.1,104.7,158.4,66.6,75.7,107
2021-07-09,85.1,104.6,157.9,66.4,75.6,107.1
2021-07-10,85.4,104.7,159.9,66.6,75.6,107.1
2021-07-11,85.9,105.7,162,67.3,76.1,106.9
2021-07-12,85.1,104.9,160.3,67.1,75.3,107
2021-07-13,85.6,105.1,165.9,67.4,75,106.9
2021-07-14,85.9,105.3,170.3,67.6,74.9,106.9
2021-07-15,86,105.7,172.3,67.7,74.7,106.9
2021-07-16,86.1,106.1,175.6,68,74.6,106.7
2021-07-17,85.7,106.4,180.6,68.6,74.4,106.4
2021-07-18,85.4,106.3,186,68.7,74,106.4
2021-07-19,86.7,108,192.3,69.1,74.1,106.1
2021-07-20,87.1,108.6,194.1,69.1,73.7,106.1
2021-07-21,87.3,108.9,195.1,69.1,73.1,106.1
2021-07-22,87.6,109,196.4,69.1,72.4,106.1
2021-07-23,87.9,108.7,195.7,69,71.6,106.3
2021-07-24,88.3,108,191.9,68.9,71.7,106.4
2021-07-25,88.6,107.1,188.3,68.9,71.9,106.6
2021-07-26,89,106.6,190.9,68.9,71.1,106.7
2021-07-27,89.3,105.9,188.6,68.7,70.6,106.9
2021-07-28,89.6,105.1,184,68.3,70,107.1
2021-07-29,90.3,104.7,183.6,68.3,69.6,107.1
2021-07-30,90.3,104.1,177.3,68,69.3,107.3
2021-07-31,90.7,104.1,176.7,68.4,69.3,107.1
2021-08-01,91.4,104.3,177,68.7,69.3,107
2021-08-02,91.9,104.1,175.9,68.9,69.1,107
2021-08-03,92.6,104.3,180.9,69.1,69,106.9
2021-08-04,93.1,104.6,187.9,69.7,69,106.6
2021-08-05,92.7,104.3,183.9,69.4,68.9,106.7
2021-08-06,92.7,104.3,185.4,69.4,68.7,106.7
2021-08-07,92.4,104,182.9,69.1,68.4,106.9
2021-08-08,91.9,103.9,179.3,68.9,68.3,107
2021-08-09,91.6,103.7,176.1,68.7,68.4,107
2021-08-10,91.9,103.9,176.6,69,68.6,107
2021-08-11,91.9,103.7,174.7,69,68.6,107
2021-08-12,92.6,104,180,69.6,68.7,106.9
2021-08-13,93,104.3,184.3,70.1,68.9,106.7
2021-08-14,93.4,104.6,189.4,71,69,106.4
2021-08-15,94,104.9,193.7,71.9,69.1,106.3
2021-08-16,94.1,105,195.4,72.1,69.1,106.1
2021-08-17,93.6,104.7,190.4,71.9,69,106.1
2021-08-18,93.6,104.7,189.7,71.9,69.3,106.1
2021-08-19,93.1,104.6,187.9,71.9,69.4,106.1
2021-08-20,93.1,104.4,187.6,71.9,69.6,106
2021-08-21,92.9,104.1,182.4,71.3,69.4,106.3
2021-08-22,92.7,104,182,71.1,69.6,106.3
2021-08-23,93,104,184.6,71.3,69.7,106.3
2021-08-24,93.4,104.1,188.9,71.7,70,106.1
2021-08-25,93.7,104.4,190.9,72,69.9,106
2021-08-26,94.3,104.7,192.4,72.3,69.9,105.9
2021-08-27,94.7,105.3,193.9,72.7,69.7,105.9
2021-08-28,95.3,105.7,200.7,73.7,69.9,105.6
2021-08-29,96.4,105.9,204.4,74.4,69.7,105.4
2021-08-30,96.6,104.4,205.3,73,65.6,106.3
2021-08-31,96.4,105.1,198.9,72.9,65.6,106.4
2021-09-01,96,105.3,193.1,72.7,66.1,106.6
2021-09-02,95.4,105.3,188.6,72.6,66.9,106.6
2021-09-03,95,105,184.6,72.4,67.9,106.6
2021-09-04,95.1,105.1,181.3,71.9,68.3,106.7
2021-09-05,94.7,105.6,180,71.4,68.6,106.9
2021-09-06,94.1,107.4,174.7,73.4,73.9,105.9
2021-09-07,93.7,107.1,178.4,74.1,75,105.6
2021-09-08,93.4,107.1,180.4,74.9,75.7,105.3
2021-09-09,92.7,107,177.4,75.3,76.3,105.1
2021-09-10,92.4,107,175.1,75.7,76.9,105
2021-09-11,92.6,107.1,175.4,76.1,76.9,105
2021-09-12,92.3,107.1,172.7,76,76.7,105
2021-09-13,91.9,106.9,169.4,76.1,76.9,105
2021-09-14,91,106.1,161.4,76,76.7,105.1
2021-09-15,91,106.1,159.1,76.1,76.7,105.1
2021-09-16,91.4,106.1,162.4,76.4,76.6,105
2021-09-17,91.6,106.1,163.6,76.4,76.1,105
2021-09-18,91.6,106,164.1,76.4,75.9,104.9
2021-09-19,91.3,105.7,161.1,76.1,75.4,105
2021-09-20,91.3,105.7,162,76,75.3,104.9
2021-09-21,91.9,106.1,166.1,76.1,75.4,104.7
2021-09-22,91.7,105.9,165.3,76.1,75.7,104.7
2021-09-23,91.6,105.9,162.4,76,76.1,104.9
2021-09-24,91.9,106.4,162.3,76.3,76.4,104.7
2021-09-25,91.7,106.4,159.6,76.6,76.4,104.9
2021-09-26,91.7,106.6,161.1,77.3,76.6,104.9
2021-09-27,91,106.4,156,77.3,76.7,105.1
2021-09-28,90.1,106,148.7,77.1,76.7,105.3
2021-09-29,89.7,106,145,76.9,76.4,105.3
2021-09-30,89.3,105.7,138.7,76.6,76.1,105.4
2021-10-01,88.9,105,133.9,76,76.1,105.7
2021-10-02,88.1,104.3,125.4,74.4,75.7,106
2021-10-03,88.3,104.1,121.1,73.6,75.6,106.1
2021-10-04,88.4,103.7,120.4,73.1,75.6,106
2021-10-05,88.4,103.4,120.1,72.7,75.6,106
2021-10-06,88.6,103.1,120.6,72.6,75.7,106
2021-10-07,88.7,103,123.4,72.6,75.9,105.9
2021-10-08,88.7,102.9,124.9,72.6,76,105.7
2021-10-09,89.7,103.4,132,73.4,76.4,105.4
2021-10-10,89.7,103.1,134.6,73.4,76.4,105.3
2021-10-11,90,103.3,136.9,73.6,76.6,105.3
2021-10-12,90.3,103.6,139,73.9,76.9,105.1
2021-10-13,90.1,103.4,138.3,73.9,76.9,105.1
2021-10-14,90,103.4,138.6,73.9,77,105.1
2021-10-15,90.1,103.6,138.7,73.9,77,105.1
2021-10-16,90,103.4,137.1,73.6,76.9,105.3
2021-10-17,89.7,103.3,134.4,73.3,76.7,105.4
2021-10-18,89.3,103,131.1,73,76.6,105.6
2021-10-19,89.1,102.7,129.4,72.9,76.4,105.7
2021-10-20,89,102.6,127.4,72.7,76.3,105.9
2021-10-21,89.3,102.7,127.4,72.7,76.1,105.9
2021-10-22,89.1,102.6,126.1,72.7,75.9,106
2021-10-23,89,102.7,125.7,73,75.7,106
2021-10-24,89.1,102.7,126,73.3,75.6,106
2021-10-25,90.6,103.1,131.6,73.4,74.4,106
2021-10-26,91.9,103.6,135.7,73.4,73.3,106.1
2021-10-27,93.1,103.9,139.6,73.4,72.1,106.3
2021-10-28,94.1,104,141.3,73.4,70.9,106.4
2021-10-29,94.7,104.1,140.9,73.1,69.7,106.6
2021-10-30,94.9,104.4,139.6,73.1,69.6,106.4
2021-10-31,94.3,104.9,134.6,72.9,69.6,106.4
2021-11-01,93,104.6,128.3,72.9,70.9,106.4
2021-11-02,92.1,104.6,124.6,73.1,72.3,106.1
2021-11-03,91,104.6,119.9,73.3,73.9,106
2021-11-04,89.9,104.6,115.9,73.4,75.4,105.9
2021-11-05,89.3,104.7,117,73.7,77,105.7
2021-11-06,89,104.3,116.7,73.4,77.1,106
2021-11-07,89.9,104.3,121.1,73.9,77.3,105.9
2021-11-08,89.9,104.4,121.1,74,77.6,105.7
2021-11-09,89.7,104.4,120.4,73.9,77.7,105.7
2021-11-10,89.6,104.4,119.9,73.9,77.9,105.7
2021-11-11,89.6,104.3,119.9,73.9,78,105.7
2021-11-12,89.4,104,115.9,73.7,78,105.7
2021-11-13,89.9,104.3,116.4,73.9,78.1,105.6
2021-11-14,89.9,104.3,116.4,73.9,78.1,105.6
2021-11-15,90,104.4,116.6,73.9,78.1,105.6
2021-11-16,90,104.3,115.9,74,78.1,105.6
2021-11-17,90.3,104.3,116.9,74.1,78.1,105.4
2021-11-18,90.4,104.4,116.4,74.1,78.1,105.4
2021-11-19,90.9,104.7,118.3,74.4,78.3,105.4
2021-11-20,91,104.6,117.6,74.7,78.3,105.4
2021-11-21,91.1,104.4,116.6,74.7,78.3,105.4
2021-11-22,91.3,104.4,116.6,74.7,78.3,105.4
2021-11-23,91.4,104.6,116.7,74.7,78.3,105.4
2021-11-24,91.4,104.6,115.6,74.7,78.3,105.6
2021-11-25,91.9,104.7,115.4,74.9,78.3,105.6
2021-11-26,92,104.6,112.7,74.7,78,105.6
2021-11-27,91.1,104,108.3,73.6,77.7,105.9
2021-11-28,90.9,104,105.9,73.3,77.7,106
2021-11-29,91,104,103.9,73,77.6,106.1
2021-11-30,91.4,104.6,102.4,72.9,77.6,106.3
2021-12-01,91.6,104.7,101.3,72.7,77.4,106.3
2021-12-02,91.4,104.6,100.4,72.4,77.4,106.4
2021-12-03,91.4,104.6,101.1,72.4,77.6,106.4
2021-12-04,92,104.9,103.4,73.3,77.9,106.3
2021-12-05,92.1,104.9,102.9,73.3,78,106.3
2021-12-06,92,104.9,101.7,73.1,78,106.3
2021-12-07,91,103.7,99.3,72.6,78,106.4
2021-12-08,91,103.7,98.7,72.3,78.3,106.4
2021-12-09,91.3,104,98.6,72.3,78.4,106.3
2021-12-10,91.4,104.1,98.6,72.3,78.7,106.3
2021-12-11,91.4,104.4,97.7,72.3,79.1,106.1
2021-12-12,91.4,104.6,98.6,72.3,79.6,106.1
2021-12-13,92,105.3,100,72.1,79.6,106.1
2021-12-14,93.1,106.7,102.9,72.1,79.4,106.1
2021-12-15,94,107.7,104.6,72,79,106.3
2021-12-16,94.3,108.4,105.1,71.4,78.4,106.6
2021-12-17,94.3,108.9,105.4,70.6,77.9,106.9
2021-12-18,94,109.3,106.3,69.7,77.7,107
2021-12-19,93.9,109.6,105.6,69,77.9,107
2021-12-20,95.1,110.7,106.7,68.4,76.3,107.3
2021-12-21,96.3,112.1,107.7,67.7,74.4,107.6
2021-12-22,97.1,114.4,107.3,66.9,72.3,107.9
2021-12-23,98.6,118.4,106.4,66.1,69.4,108.3
2021-12-24,97,119.9,104.9,63.7,64.9,109.3
2021-12-25,86.6,106.7,98.4,55.9,56.6,110.4
2021-12-26,80.9,99.1,96.1,51.6,51.7,110.7
2021-12-27,78,94,95.7,49.1,46.4,111.9
2021-12-28,75.7,89.6,96.1,47,41.6,113.1
2021-12-29,73.6,85.7,96.1,45.4,38.6,114.1
2021-12-30,71,80.9,97.9,44,36.6,115
2021-12-31,70.6,79.3,101.6,43.7,36.3,115.1
2022-01-01,74,84.1,109,46.9,38.4,115.1
2022-01-02,77.3,89.6,111.3,49.1,41.3,115.4
2022-01-03,77.3,90.9,114.3,48.9,41.9,115.9
2022-01-04,75.7,92.1,111,49.7,46.7,115.1
2022-01-05,73.7,91.7,110.3,50.3,50.9,114.6
2022-01-06,71,90,105.4,50.6,55,114
2022-01-07,69.9,88.1,100.4,51.6,59.6,113.4
2022-01-08,74.3,94.6,94.9,53.7,64.9,113
2022-01-09,74.7,95.3,96.7,54.1,66.1,112.9
2022-01-10,73.7,96.1,92,56.1,72.3,111.4
2022-01-11,74,95.9,92.9,57,73.9,110.9
2022-01-12,74.6,95.9,94.3,57.7,74.7,110.4
2022-01-13,75.7,96.4,98.1,58.6,75.4,110
2022-01-14,76.7,97,101,59.4,76,109.6
2022-01-15,78.1,97.6,105.6,60.7,76.6,109.1
2022-01-16,78.6,97.7,106.3,61.1,76.7,108.9
2022-01-17,79,97.9,108.9,61.6,76.9,108.6
2022-01-18,79.1,97.9,109.9,62.1,77,108.4
2022-01-19,79.3,97.9,109.1,62.6,77.1,108.3
2022-01-20,79.7,97.9,109.1,63.1,77.3,108.1
2022-01-21,80,97.9,108.7,63.6,77.4,108
2022-01-22,80.4,98,109.9,64.3,77.6,107.9
2022-01-23,80.4,97.9,108.9,64.7,77.6,107.9
2022-01-24,80.6,97.7,107.7,65.1,77.7,107.9
2022-01-25,80.9,97.9,107.4,65.4,77.9,107.7
2022-01-26,81.3,97.9,107.9,65.7,77.9,107.6
2022-01-27,81.6,98,108.1,66,78,107.4
2022-01-28,82.1,98.1,108.6,66.4,78,107.4
2022-01-29,82.6,98.1,108.1,66.9,78,107.4
2022-01-30,83.6,98.4,110.4,67.4,78.1,107.3
2022-01-31,84,98.7,110.4,67.7,78.1,107.1
2022-02-01,84.6,99,111.6,68.1,78.3,107
2022-02-02,84.9,99.3,112.1,68.7,78.6,107
2022-02-03,85.1,99.4,112,69,78.7,106.9
2022-02-04,85,99.4,111.1,69.1,78.9,106.7
2022-02-05,84.9,99.3,110,69.3,78.7,106.7
2022-02-06,84.1,99,104.9,69,78.6,106.9
2022-02-07,84.1,99.1,105.7,69.3,78.7,106.9
2022-02-08,84.3,99.1,106,69.6,78.7,106.9
2022-02-09,84.4,99.1,106.1,69.7,78.7,106.7
2022-02-10,84.6,99.3,106.3,70.1,78.7,106.7
2022-02-11,85.1,99.7,108.7,70.7,78.7,106.6
2022-02-12,85.3,100.1,109.4,71,78.7,106.4
2022-02-13,85.4,100.6,107.7,71.3,78.6,106.4
2022-02-14,87,101.7,108.3,71.4,77.9,106.4
2022-02-15,87,101.3,106.6,71.1,77.1,106.4
2022-02-16,87,101,105.4,70.9,76.4,106.6
2022-02-17,87.6,101.3,106.7,70.9,75.9,106.6
2022-02-18,84.7,98.6,100.3,68.1,74,107.6
2022-02-19,84,98.3,98.1,67.6,73.9,107.7
2022-02-20,83.1,97.4,97.4,67,73.7,107.7
2022-02-21,81.9,96.3,97,66.6,73.6,107.9
2022-02-22,82.4,96.9,99.7,67,73.7,107.9
2022-02-23,83,97.1,101.7,67.3,73.7,107.7
2022-02-24,82.6,96.4,99.7,67,73.6,107.7
2022-02-25,85.9,99.1,108,69.7,74.7,106.7
2022-02-26,87.1,99.4,113.3,70.9,75,106.3
2022-02-27,89.1,100.6,123,72.7,75.6,105.9
2022-02-28,89,100.9,121.4,73.1,76.4,105.6
2022-03-01,88.1,101.3,119.9,72.9,77.1,105.4
2022-03-02,87.1,101.1,116.3,72.7,78,105.4
2022-03-03,86.7,101.6,116.6,72.4,78.7,105.3
2022-03-04,86,101.3,113.1,72,79.6,105.3
2022-03-05,85.7,101.3,111.1,71.4,79.6,105.4
2022-03-06,85.3,101.1,108.7,70.7,79.4,105.6
2022-03-07,85.1,100.9,110.6,70.6,79.6,105.6
2022-03-08,85.3,100.4,111.3,70.6,79.7,105.4
2022-03-09,85.3,100.4,113.3,70.4,79.7,105.3
2022-03-10,85.3,100.3,114.6,70.7,80,105.3
2022-03-11,84.6,99.9,113.4,70.4,79.9,105.3
2022-03-12,84.1,99.7,113.9,70.1,79.9,105.3
2022-03-13,83.4,99.4,111.6,69.9,79.7,105.3
2022-03-14,83.3,99.4,112.6,69.9,79.7,105.3
2022-03-15,83.1,99.1,113.6,69.9,79.7,105.4
2022-03-16,82.7,98.7,111.9,69.7,79.7,105.6
2022-03-17,83.1,98.7,113.3,69.9,79.4,105.6
2022-03-18,83.9,99,118.9,70.3,79.3,105.4
2022-03-19,84,99,122.7,70.7,79,105.3
2022-03-20,84.6,99.3,127.4,71.3,78.9,105.1
2022-03-21,84.7,99.4,128.3,71.3,78.9,105.1
2022-03-22,84.9,99.7,130.9,71.4,78.9,105
2022-03-23,85.9,100.4,137.6,71.9,78.9,104.7
2022-03-24,86,100.9,140,72,79,104.6
2022-03-25,86.4,101.7,141,72.1,79,104.4
2022-03-26,87,103.4,142.7,72.7,79.1,104.3
2022-03-27,87.3,103.9,143.1,73.1,79.4,104.1
2022-03-28,87.4,103.9,143.4,73.3,79.3,104.1
2022-03-29,87.1,103.7,139.7,73.1,79.1,104.3
2022-03-30,86.4,103.4,134.3,72.7,79.1,104.4
2022-03-31,85.9,103,128.6,72.3,79.1,104.6
2022-04-01,85.1,102.3,123.7,71.9,79.4,104.7
2022-04-02,84.4,100.7,118.1,70.9,79.4,105
2022-04-03,83.9,100.3,115.4,70.3,79.3,105.3
2022-04-04,83.4,100,112.6,69.9,78.9,105.3
2022-04-05,83.7,100,113.6,69.7,78.4,105.3
2022-04-06,84,99.9,114.3,69.7,77.9,105.4
2022-04-07,84,99.7,115.7,69.7,77.3,105.4
2022-04-08,84.4,100.1,118,70,76.6,105.4
2022-04-09,84.6,100.6,119.9,70.7,76.7,105.3
2022-04-10,85.1,101,122.1,71.3,76.9,105.1
2022-04-11,86.6,102,127.9,71.9,76.1,105.1
2022-04-12,87.3,102.6,129.6,72,75.3,105.3
2022-04-13,88.6,103.6,135.4,72.6,74.4,105.1
2022-04-14,91,105.9,143.4,73.4,73.3,104.9
2022-04-15,91.4,105.3,153.6,72.3,68.3,105.7
2022-04-16,90.9,105.7,159.1,72,67,105.7
2022-04-17,87.6,100.1,164,71.4,65.1,105.7
2022-04-18,87.9,98.6,171.7,69.7,59.9,106.6
2022-04-19,87.6,98.7,173.7,69.9,60,106.4
2022-04-20,87,98.4,174.9,69.9,60.7,106.3
2022-04-21,85.4,96.9,173.7,69.6,61.9,106.4
2022-04-22,85,97.4,165.1,70.9,66.9,105.6
2022-04-23,85.6,97.1,159.9,71.1,68.3,105.6
2022-04-24,88.6,102.7,155.6,71.9,70.3,105.6
2022-04-25,87.6,104.1,144.6,73.9,77.1,104.4
2022-04-26,87.7,104.1,142.6,74.6,78.9,104.1
2022-04-27,87.6,104.4,137.6,75,80,104
2022-04-28,87.6,104.7,132.9,75.4,81,103.9
2022-04-29,88.3,105.4,133.1,76,81.9,103.6
2022-04-30,89.1,105.7,135.7,76.9,81.9,103.3
2022-05-01,90.7,105.9,134,77.1,81.7,103.1
2022-05-02,92.4,104.3,143.9,75.4,75.1,104.3
2022-05-03,92.3,104.7,142.9,75.3,74.9,104.3
2022-05-04,92.1,104.6,142.3,75.1,74.9,104.3
2022-05-05,92.6,104.7,144.7,75.1,74.9,104.1
2022-05-06,92.1,104.1,143.9,74.9,75,104.1
2022-05-07,91.9,103.9,143,74.4,75.3,104.3
2022-05-08,91.1,104.1,147.1,74.6,75.7,104.3
2022-05-09,89.6,105.7,138.4,76.4,82.4,103.1
2022-05-10,89.7,105.4,139.3,76.6,82.7,103
2022-05-11,89.7,105.3,138.6,76.7,82.7,103
2022-05-12,89.3,105,137.1,76.7,82.9,103
2022-05-13,89.4,105.3,138.3,76.9,82.9,103
2022-05-14,89.1,105.4,141.1,77.1,82.7,102.9
2022-05-15,88.4,105.1,135.7,76.9,82.4,103
2022-05-16,88.3,105.1,134.6,76.9,82.3,103
2022-05-17,88.4,105,136.6,77,82.3,103
2022-05-18,88.9,105.4,140.4,77.3,82.4,102.9
2022-05-19,89,105.6,142.6,77.4,82.3,102.9
2022-05-20,88.7,105.4,140.3,77.4,82.3,102.9
2022-05-21,88.9,105.4,138.4,77.4,82.3,102.9
2022-05-22,89.3,105.7,142.9,78,82.4,102.7
2022-05-23,89.3,105.9,143,78.1,82.6,102.7
2022-05-24,89.1,106,140.7,78.1,82.6,102.9
2022-05-25,89.1,106,138,78.1,82.4,103
2022-05-26,89.3,106.1,135.4,78.3,82.4,103
2022-05-27,90,106.4,139.4,78.9,82.3,102.9
2022-05-28,90,106.6,140.1,79.3,82.1,102.7
2022-05-29,90.1,106.4,138.9,79.6,82,102.7
2022-05-30,91.6,106.6,142.1,79.6,80.3,102.9
2022-05-31,93.1,107.1,144.9,79.4,78.6,103
2022-06-01,95.9,109,152.1,80,76.7,102.9
2022-06-02,98,109.1,168.4,79.1,70.4,103.7
2022-06-03,97.1,107.1,176.7,77,64.1,105
2022-06-04,95.7,106.1,177.1,76,63,105.3
2022-06-05,93.7,105.3,172.9,75.1,62.6,105.4
2022-06-06,92.3,105.3,170.4,74.9,63.6,105.4
2022-06-07,90.7,104.9,169.7,75.1,65,105.3
2022-06-08,87.7,103.1,163.6,74.6,66.7,105.4
2022-06-09,85.1,102.9,147.7,75.4,72.9,104.7
2022-06-10,85.6,104.7,138.9,77.4,79.1,103.6
2022-06-11,86.7,105.6,138,78.1,80.6,103.4
2022-06-12,88.6,106.7,143.4,78.9,81.3,103.3
2022-06-13,89,106.9,145.6,79.6,81.9,103
2022-06-14,89.4,107,147.6,79.9,82.1,102.9
2022-06-15,90,107.4,151.4,80.3,82.3,102.7
2022-06-16,90.6,108.1,155.1,80.6,82.3,102.6
2022-06-17,90.4,108.6,157.6,80.7,82,102.6
2022-06-18,90.3,109,155.1,80.6,81.7,102.7
2022-06-19,90.7,109.3,153.9,80.7,81.7,102.7
2022-06-20,90.9,109.4,156,80.9,81.7,102.7
2022-06-21,90.7,109.7,156.9,78.9,81.3,102.9
2022-06-22,90.4,109.6,157.7,78,81,103
2022-06-23,89.9,109.1,156.7,76.1,80.7,103.1
2022-06-24,90,108.9,154.3,75.7,80.7,103.1
2022-06-25,90.3,108.6,156.9,74.6,80.7,103.1
2022-06-26,90,108.3,158,74.3,80.6,103.1
2022-06-27,89.9,108,154.6,74.1,80.4,103.3
2022-06-28,89.9,107.6,150.9,76,80.6,103.3
2022-06-29,90.1,107.3,146.9,76.7,80.7,103.3
2022-06-30,90.9,107.3,144.9,78.6,80.9,103.3
2022-07-01,91,107.1,144.4,79.1,80.7,103.3
2022-07-02,91,106.9,143.7,80.7,80.7,103.3
2022-07-03,90.9,106.7,144,81.1,80.6,103.3
2022-07-04,91,106.9,145.9,81.1,80.3,103.3
2022-07-05,91.1,107,148.4,81.1,80.1,103.3
2022-07-06,91,106.9,149.9,81,79.9,103.3
2022-07-07,90.9,106.9,152.9,80.9,79.7,103.1
2022-07-08,90.9,107.1,155.9,80.6,79.6,103.1
2022-07-09,90.6,107.4,159.9,80.7,79.3,103
2022-07-10,90.3,107.9,163.1,81,79,102.9
2022-07-11,90.4,108.4,165.3,81,78.7,102.9
2022-07-12,90.3,108.4,165.6,80.9,78.3,102.9
2022-07-13,90.6,108.9,167.9,80.9,78.1,102.9
2022-07-14,90.7,109,168.3,80.9,78,103
2022-07-15,90.1,108.1,167.7,80.7,77.9,103.1
2022-07-16,90.1,108.6,166.6,80.7,78,103.1
2022-07-17,90,108.9,164.4,80.4,78.1,103.3
2022-07-18,89.1,108.4,162.7,79.4,77.7,104
2022-07-19,88.3,108.4,160.1,78,77.1,105.6
2022-07-20,88.6,109,158.6,78,77.1,105.7
2022-07-21,88.9,109.1,157.9,78,77,105.7
2022-07-22,89.4,109.7,156.1,78,76.7,105.9
2022-07-23,89.6,109.1,154.4,77.7,76.7,106
2022-07-24,89.4,107.9,152.4,77,76.6,106.1
2022-07-25,90.7,107.7,153,77.7,76.3,105.7
2022-07-26,92.4,107.7,158.1,79.3,76.1,104.3
2022-07-27,92.7,107,161.7,78,75,104.4
2022-07-28,93,106.9,164.3,77.7,74.1,104.6
2022-07-29,93.7,107,168.6,78,73.4,104.4
2022-07-30,94,106.9,168.6,77.7,73.1,104.3
2022-07-31,94.7,107.4,169.1,78.6,73.3,104.1
2022-08-01,95.1,107.6,173,78.9,73,104
2022-08-02,95.1,107.6,172.4,78.6,72.7,104.1
2022-08-03,95.1,107.6,173.3,79.9,72.7,104
2022-08-04,95,107.4,175,80,72.6,104
2022-08-05,94.6,107.3,175,79.7,72.4,104
2022-08-06,94.3,107.3,177.6,80.6,72.3,104
2022-08-07,94.3,107.4,181.6,80.9,72.1,103.9
2022-08-08,94,107.6,183,80.9,72.1,103.7
2022-08-09,93.9,107.7,186.3,81,72.1,103.4
2022-08-10,93.6,107.9,187.9,80.9,72.1,103.4
2022-08-11,93,108,188.4,80.7,72,103.4
2022-08-12,92.3,108,188.9,80.6,72,103.4
2022-08-13,91.6,108,188.7,79.4,72,103.4
2022-08-14,90.9,107.9,187.4,79,72,103.6
2022-08-15,90.6,107.7,183.9,78.7,72.1,104
2022-08-16,90.4,107.3,178,78.4,72.3,104.4
2022-08-17,90.3,106.7,173.1,78.4,72.4,104.9
2022-08-18,90.6,106.4,170.4,77.1,72.6,105.3
2022-08-19,91.1,106.3,169.1,76.6,72.7,105.7
2022-08-20,91.9,106.3,167.6,75.9,73,106
2022-08-21,92.6,106.1,167.1,75.9,73.3,106.1
2022-08-22,92.7,105.7,165.7,75.9,73.3,106.1
2022-08-23,93,105.9,168.9,76.1,73.4,106.1
2022-08-24,93.3,106.1,170.6,76.3,73.4,106
2022-08-25,93.3,106,169.1,77.4,73.4,105.9
2022-08-26,93.7,106.3,170.3,78.3,73.3,105.7
2022-08-27,93.9,106.3,172.6,80,73,105.6
2022-08-28,94.7,106.3,175.9,80.6,72.9,105.3
2022-08-29,95.3,105.1,184,79.1,68.1,105.9
2022-08-30,95.3,105.7,182.6,79,68,105.6
2022-08-31,95.6,106,181.4,78.9,68.1,105.4
2022-09-01,95.4,106.1,180.9,79,68.7,105
2022-09-02,94.9,105.9,176.6,78.7,69.6,104.7
2022-09-03,95.1,105.9,171.1,78.3,69.9,104.7
2022-09-04,94,106.3,163.6,77.1,70,105
2022-09-05,93,107.6,152.4,78.7,75.7,104
2022-09-06,91.9,106.7,146.7,78.9,76.9,103.9
2022-09-07,90.6,106.3,142,79.1,77.9,103.6
2022-09-08,89.7,105.7,136.4,79.3,78.4,103.6
2022-09-09,89.1,105.6,132.7,79.4,79,103.6
2022-09-10,88.7,105.7,133,79.3,79.1,103.6
2022-09-11,88.6,105.6,133.7,79.7,79.3,103.6
2022-09-12,88,105.4,133.4,80.1,79.6,103.6
2022-09-13,88.1,105.6,134.7,80.6,79.6,103.4
2022-09-14,88.3,105.6,136,80.9,79.6,103.3
2022-09-15,88.7,106.1,138.6,81,79.7,103.1
2022-09-16,89.3,106.7,140.3,81.4,79.7,103
2022-09-17,89.9,107.3,140.7,82,79.7,102.9
2022-09-18,91.1,109.6,140.7,82.4,79.4,102.6
2022-09-19,84.1,99.9,141.3,77.9,72.1,104.9
2022-09-20,84.6,102,141.1,78,72.3,104.9
2022-09-21,84.7,102.6,140.6,78,72.3,104.9
2022-09-22,84.6,102.6,139.1,78.3,72.3,105
2022-09-23,84.4,102.6,138.1,78.3,72.3,105